{
  "timestamp": "2025-01-16T16:44:38.680127",
  "metrics": {
    "execution_times": [],
    "cpu_usage": [
      25.2
    ],
    "memory_usage": [
      83.2
    ],
    "success_rates": []
  },
  "operation_times": {
    "system_initialization": [
      61.575048208236694
    ],
    "market_analysis": [
      0.0713951587677002
    ],
    "risk_assessment": [
      0.0633230209350586
    ],
    "database_update": [
      0.007820844650268555
    ],
    "backup": [
      0.0005910396575927734
    ]
  },
  "alerts": [
    "Alto uso de memoria: 83.2%"
  ]
}